contact_id,customer_id,full_name,role_title,email
CONT-0001,CUST-0001,Chloe Hernandez,Director of IT Operations,chloe.hernandez@alder-communications.jp
CONT-0002,CUST-0001,Kevin Halvorsen,Support Team Lead,kevin.halvorsen@alder-communications.jp
CONT-0003,CUST-0002,Mark Nakamura,Senior Systems Administrator,mark.nakamura@crestline-consulting.com.au
CONT-0004,CUST-0002,Susan Rossi,Support Team Lead,susan.rossi@crestline-consulting.com.au
CONT-0005,CUST-0003,Wei Nelson,Data Analyst,wei.nelson@crestline-hospitality.fr
CONT-0006,CUST-0003,Wei Lewis,VP of Finance,wei.lewis@crestline-hospitality.fr
CONT-0007,CUST-0004,David Garcia,Director of IT Operations,david.garcia@windham-underwriters.com
CONT-0008,CUST-0004,Ingrid Smith,Office Manager,ingrid.smith@windham-underwriters.com
CONT-0009,CUST-0005,Matthew Garcia,Head of IT,matthew.garcia@meadow-initiative.com
CONT-0010,CUST-0005,Thomas Harris,Platform Owner,thomas.harris@meadow-initiative.com
CONT-0011,CUST-0006,Jennifer Smith,Head of Revenue Operations,jennifer.smith@palisade-hotels.es
CONT-0012,CUST-0006,Nadia Torres,Director of Customer Experience,nadia.torres@palisade-hotels.es
CONT-0013,CUST-0007,Grace Whitfield,Compliance Officer,grace.whitfield@highland-supply.com
CONT-0014,CUST-0007,Ravi Eriksson,VP of Customer Experience,ravi.eriksson@highland-supply.com
CONT-0015,CUST-0008,Anthony Jackson,Data Analyst,anthony.jackson@driftwood-partners.be
CONT-0016,CUST-0008,Sarah Williams,Procurement Manager,sarah.williams@driftwood-partners.be
CONT-0017,CUST-0009,Steven Lee,Procurement Manager,steven.lee@thistle-trust.com
CONT-0018,CUST-0009,Mohammed Ellery,Controller,mohammed.ellery@thistle-trust.com
CONT-0019,CUST-0010,Lars Lopez,Product Manager,lars.lopez@amber-entertainment.co.uk
CONT-0020,CUST-0010,Ashley Lee,IT Administrator,ashley.lee@amber-entertainment.co.uk
CONT-0021,CUST-0011,David Carter,Operations Manager,david.carter@vista-grid.fr
CONT-0022,CUST-0011,Betty Harris,Director of IT Operations,betty.harris@vista-grid.fr
CONT-0023,CUST-0012,Charles Green,Controller,charles.green@fern-medical.se
CONT-0024,CUST-0012,James Conti,Platform Owner,james.conti@fern-medical.se
CONT-0025,CUST-0013,Lisa Campbell,Controller,lisa.campbell@lakeshore-travel.ca
CONT-0026,CUST-0013,Anthony Scott,Head of Data,anthony.scott@lakeshore-travel.ca
CONT-0027,CUST-0014,Stephanie Lee,Customer Success Manager,stephanie.lee@falcon-networks.dk
CONT-0028,CUST-0014,Adam Whitfield,IT Administrator,adam.whitfield@falcon-networks.dk
CONT-0029,CUST-0015,Elena Larsen,Head of Support,elena.larsen@fern-estates.com
CONT-0030,CUST-0015,Wei Wilson,VP of Operations,wei.wilson@fern-estates.com
CONT-0031,CUST-0016,Emily Nguyen,Finance Manager,emily.nguyen@cobalt-renewables.ch
CONT-0032,CUST-0016,Adam Gonzalez,Chief Technology Officer,adam.gonzalez@cobalt-renewables.ch
CONT-0033,CUST-0017,Ingrid Chandran,IT Administrator,ingrid.chandran@meadow-cloud.com.au
CONT-0034,CUST-0018,Grace Hill,Director of Customer Experience,grace.hill@wren-alliance.com.au
CONT-0035,CUST-0018,Thomas Gonzalez,VP of Operations,thomas.gonzalez@wren-alliance.com.au
CONT-0036,CUST-0019,Elizabeth Roberts,Director of Sales Operations,elizabeth.roberts@wren-networks.co.uk
CONT-0037,CUST-0019,Richard Lopez,IT Director,richard.lopez@wren-networks.co.uk
CONT-0038,CUST-0020,Chloe Nguyen,Director of Sales Operations,chloe.nguyen@halden-associates.com.au
CONT-0039,CUST-0020,Marco Mensah,Head of IT,marco.mensah@halden-associates.com.au
CONT-0040,CUST-0021,Anthony Gonzalez,VP of Operations,anthony.gonzalez@falcon-telecom.nl
CONT-0041,CUST-0021,Ashley Taylor,VP of Engineering,ashley.taylor@falcon-telecom.nl
CONT-0042,CUST-0022,David Gonzalez,Chief Information Officer,david.gonzalez@halden-initiative.co.uk
CONT-0043,CUST-0023,Robert Mensah,Director of IT Operations,robert.mensah@thistle-outfitters.pl
CONT-0044,CUST-0024,Mary Hall,Head of IT,mary.hall@hollow-biosciences.com.au
CONT-0045,CUST-0024,Felix Nelson,Director of IT Operations,felix.nelson@hollow-biosciences.com.au
CONT-0046,CUST-0025,Chloe King,Finance Manager,chloe.king@copper-institute.nl
CONT-0047,CUST-0025,Thomas Perez,Compliance Officer,thomas.perez@copper-institute.nl
CONT-0048,CUST-0026,Ronald Garcia,Head of Customer Success,ronald.garcia@harbor-insurance.co.uk
CONT-0049,CUST-0027,Liam Lee,Head of IT,liam.lee@larch-capital.fr
CONT-0050,CUST-0027,Kenneth Lee,Senior Systems Administrator,kenneth.lee@larch-capital.fr
CONT-0051,CUST-0028,Lisa Anderson,Business Systems Analyst,lisa.anderson@hollow-entertainment.de
CONT-0052,CUST-0028,Anjali Lopez,Business Systems Analyst,anjali.lopez@hollow-entertainment.de
CONT-0053,CUST-0029,Nancy King,Finance Manager,nancy.king@ember-health.ca
CONT-0054,CUST-0029,Freya Bakker,Product Manager,freya.bakker@ember-health.ca
CONT-0055,CUST-0030,Deborah Berg,Head of Revenue Operations,deborah.berg@clear-wellness.ca
CONT-0056,CUST-0030,Mei Johnson,VP of Finance,mei.johnson@clear-wellness.ca
CONT-0057,CUST-0031,Steven Nguyen,Compliance Officer,steven.nguyen@cedar-biosciences.sg
CONT-0058,CUST-0031,Margaret Adams,Office Manager,margaret.adams@cedar-biosciences.sg
CONT-0059,CUST-0032,Victor Thomas,Head of IT,victor.thomas@alder-leisure.co.uk
CONT-0060,CUST-0032,Carol Smith,Office Manager,carol.smith@alder-leisure.co.uk
CONT-0061,CUST-0033,Nadia Williams,IT Director,nadia.williams@slate-energy.co.uk
CONT-0062,CUST-0033,Richard Rivera,Business Systems Analyst,richard.rivera@slate-energy.co.uk
CONT-0063,CUST-0034,Melissa Van der Berg,Head of Revenue Operations,melissa.van der berg@caf-renard-studios.fr
CONT-0064,CUST-0034,Tomas Nelson,VP of Finance,tomas.nelson@caf-renard-studios.fr
CONT-0065,CUST-0035,Kwame Bakker,VP of Customer Experience,kwame.bakker@silver-health.fr
CONT-0066,CUST-0035,Melissa Allen,Business Systems Analyst,melissa.allen@silver-health.fr
CONT-0067,CUST-0036,Karen Osei,Finance Manager,karen.osei@fern-wireless.com.au
CONT-0068,CUST-0036,Grace Robinson,Customer Success Manager,grace.robinson@fern-wireless.com.au
CONT-0069,CUST-0037,Charles Martinez,Director of IT Operations,charles.martinez@willow-pictures.es
CONT-0070,CUST-0037,Joseph Anderson,VP of Customer Experience,joseph.anderson@willow-pictures.es
CONT-0071,CUST-0038,Melissa Halvorsen,VP of Operations,melissa.halvorsen@harbor-construction.fr
CONT-0072,CUST-0038,Carol Okafor,Senior Systems Administrator,carol.okafor@harbor-construction.fr
CONT-0073,CUST-0039,Ines Hall,Head of Data,ines.hall@palisade-dynamics.kr
CONT-0074,CUST-0039,Mei Berg,Head of IT,mei.berg@palisade-dynamics.kr
CONT-0075,CUST-0040,Steven Miller,Head of Data,steven.miller@redwood-construction.fr
CONT-0076,CUST-0040,Freya Dubois,Controller,freya.dubois@redwood-construction.fr
CONT-0077,CUST-0041,Yuki Ellery,Senior Systems Administrator,yuki.ellery@larch-builders.es
CONT-0078,CUST-0041,Kenneth Miller,Director of IT Operations,kenneth.miller@larch-builders.es
CONT-0079,CUST-0042,Joseph Green,Finance Manager,joseph.green@basalt-media.com
CONT-0080,CUST-0042,Ronald Roberts,VP of Finance,ronald.roberts@basalt-media.com
CONT-0081,CUST-0043,Sarah Flores,Finance Manager,sarah.flores@elm-estates.se
CONT-0082,CUST-0043,Anjali Garcia,Finance Manager,anjali.garcia@elm-estates.se
CONT-0083,CUST-0044,Charles Young,Platform Owner,charles.young@palisade-networks.ca
CONT-0084,CUST-0044,Leila Berg,Director of IT Operations,leila.berg@palisade-networks.ca
CONT-0085,CUST-0045,Priya Fischer,Director of Sales Operations,priya.fischer@ridgeline-outfitters.com
CONT-0086,CUST-0045,Oscar Walker,Product Manager,oscar.walker@ridgeline-outfitters.com
CONT-0087,CUST-0046,Mei Hall,Chief Technology Officer,mei.hall@amber-estates.com
CONT-0088,CUST-0046,Lars Martinez,Operations Manager,lars.martinez@amber-estates.com
CONT-0089,CUST-0047,Ronald Ramirez,IT Director,ronald.ramirez@larch-freight.de
CONT-0090,CUST-0047,Melissa Silva,Business Systems Analyst,melissa.silva@larch-freight.de
CONT-0091,CUST-0048,Mark Chandran,IT Administrator,mark.chandran@falcon-media.in
CONT-0092,CUST-0048,Nancy Osei,Business Systems Analyst,nancy.osei@falcon-media.in
CONT-0093,CUST-0049,Emily Berg,VP of Operations,emily.berg@silver-indemnity.nl
CONT-0094,CUST-0049,Lisa Johnson,Platform Owner,lisa.johnson@silver-indemnity.nl
CONT-0095,CUST-0050,Deborah Hill,IT Director,deborah.hill@redwood-partners.fr
CONT-0096,CUST-0050,Leila Walker,Operations Manager,leila.walker@redwood-partners.fr
CONT-0097,CUST-0051,Owen Ramirez,Chief Information Officer,owen.ramirez@elm-digital.fr
CONT-0098,CUST-0051,Sandra Hall,Head of Support,sandra.hall@elm-digital.fr
CONT-0099,CUST-0052,James Brown,VP of Customer Experience,james.brown@thistle-connect.de
CONT-0100,CUST-0053,Mei Berg,IT Administrator,mei.berg@crestline-trust.es
CONT-0101,CUST-0053,Kevin Flores,VP of Operations,kevin.flores@crestline-trust.es
CONT-0102,CUST-0054,Jessica Lewis,IT Director,jessica.lewis@pinecrest-goods.sg
CONT-0103,CUST-0054,Stephanie Dubois,Director of Procurement,stephanie.dubois@pinecrest-goods.sg
CONT-0104,CUST-0055,Stephanie Singh,Director of Customer Experience,stephanie.singh@bright-consulting.ca
CONT-0105,CUST-0055,Barbara Costa,Customer Success Manager,barbara.costa@bright-consulting.ca
CONT-0106,CUST-0056,Emily Adams,Director of IT Operations,emily.adams@lakeshore-insurance.ca
CONT-0107,CUST-0056,Ingrid Lopez,Data Analyst,ingrid.lopez@lakeshore-insurance.ca
CONT-0108,CUST-0057,Anthony Williams,Finance Manager,anthony.williams@vista-power.com
CONT-0109,CUST-0057,Richard Thomas,Finance Manager,richard.thomas@vista-power.com
CONT-0110,CUST-0058,Andrew King,Senior Systems Administrator,andrew.king@fern-dynamics.fr
CONT-0111,CUST-0058,Sven Allen,Director of Procurement,sven.allen@fern-dynamics.fr
CONT-0112,CUST-0059,Melissa Patel,Head of IT,melissa.patel@timber-coalition.com
CONT-0113,CUST-0059,Michael King,VP of Engineering,michael.king@timber-coalition.com
CONT-0114,CUST-0060,Mary Ellery,Platform Owner,mary.ellery@clear-power.mx
CONT-0115,CUST-0060,Diego Berg,Office Manager,diego.berg@clear-power.mx
CONT-0116,CUST-0061,Lisa Thomas,Senior Systems Administrator,lisa.thomas@windham-grid.com
CONT-0117,CUST-0061,Victor Wilson,Chief Technology Officer,victor.wilson@windham-grid.com
CONT-0118,CUST-0062,Sofia Nakamura,Head of Customer Success,sofia.nakamura@falcon-partners.com
CONT-0119,CUST-0062,Elizabeth Roberts,Finance Manager,elizabeth.roberts@falcon-partners.com
CONT-0120,CUST-0063,Betty Taylor,Director of IT Operations,betty.taylor@copper-industries.co.uk
CONT-0121,CUST-0063,Melissa Halvorsen,Director of Procurement,melissa.halvorsen@copper-industries.co.uk
CONT-0122,CUST-0064,Kwame Martinez,Controller,kwame.martinez@fern-assurance.com
CONT-0123,CUST-0064,Fatima Lopez,VP of Finance,fatima.lopez@fern-assurance.com
CONT-0124,CUST-0065,Owen Dubois,Head of IT,owen.dubois@copper-alliance.sg
CONT-0125,CUST-0065,Naomi Torres,Head of Customer Success,naomi.torres@copper-alliance.sg
CONT-0126,CUST-0066,Margaret Mensah,Head of Support,margaret.mensah@ember-dynamics.co.uk
CONT-0127,CUST-0066,Carol Scott,Customer Success Manager,carol.scott@ember-dynamics.co.uk
CONT-0128,CUST-0067,Wei Andersson,Platform Owner,wei.andersson@driftwood-leisure.de
CONT-0129,CUST-0067,Donald Harris,Chief Information Officer,donald.harris@driftwood-leisure.de
CONT-0130,CUST-0068,Stephanie Baker,Finance Manager,stephanie.baker@cinderline-medical.co.uk
CONT-0131,CUST-0068,Jessica Martinez,Director of IT Operations,jessica.martinez@cinderline-medical.co.uk
CONT-0132,CUST-0069,Steven Wright,Procurement Manager,steven.wright@frost-care.com
CONT-0133,CUST-0069,Lisa Roberts,Support Team Lead,lisa.roberts@frost-care.com
CONT-0134,CUST-0070,Oscar Martinez,Head of IT,oscar.martinez@harbor-partners.com.au
CONT-0135,CUST-0070,Lars Hall,Controller,lars.hall@harbor-partners.com.au
CONT-0136,CUST-0071,Edward Silva,VP of Finance,edward.silva@anchor-trust.com
CONT-0137,CUST-0072,Daniel Martin,Procurement Manager,daniel.martin@clear-leisure.kr
CONT-0138,CUST-0072,Richard Moore,Chief Information Officer,richard.moore@clear-leisure.kr
CONT-0139,CUST-0073,William Lee,Head of Customer Success,william.lee@fern-hotels.com
CONT-0140,CUST-0073,Noah Mitchell,Head of Customer Success,noah.mitchell@fern-hotels.com
CONT-0141,CUST-0074,Diego Garcia,VP of Finance,diego.garcia@summit-energy.com
CONT-0142,CUST-0074,Joseph Abara,Director of Procurement,joseph.abara@summit-energy.com
CONT-0143,CUST-0075,Susan Novak,Chief Information Officer,susan.novak@frost-shipping.com.au
CONT-0144,CUST-0075,Jennifer Walker,Director of Customer Experience,jennifer.walker@frost-shipping.com.au
CONT-0145,CUST-0076,Nadia Moore,Head of Customer Success,nadia.moore@alder-mercantile.com
CONT-0146,CUST-0076,Andrew Carter,Head of IT,andrew.carter@alder-mercantile.com
CONT-0147,CUST-0077,Michael Robinson,Procurement Manager,michael.robinson@copper-advisory.sg
CONT-0148,CUST-0077,Barbara Harris,Customer Success Manager,barbara.harris@copper-advisory.sg
CONT-0149,CUST-0078,Felix Harris,Support Team Lead,felix.harris@elm-mutual.com
CONT-0150,CUST-0079,Paul Singh,Operations Manager,paul.singh@alder-trust.com
CONT-0151,CUST-0079,Lisa Miller,VP of Operations,lisa.miller@alder-trust.com
CONT-0152,CUST-0080,Charles Hill,Controller,charles.hill@thistle-networks.com
CONT-0153,CUST-0080,Donald Okafor,Chief Technology Officer,donald.okafor@thistle-networks.com
CONT-0154,CUST-0081,Amanda Chandran,Director of IT Operations,amanda.chandran@summit-works.com
CONT-0155,CUST-0081,Matthew Gonzalez,Head of Revenue Operations,matthew.gonzalez@summit-works.com
CONT-0156,CUST-0082,Yuki Costa,Platform Owner,yuki.costa@fern-partners.com
CONT-0157,CUST-0082,Diego Nakamura,Finance Manager,diego.nakamura@fern-partners.com
CONT-0158,CUST-0083,Isabella Williams,Head of IT,isabella.williams@highland-telecom.ca
CONT-0159,CUST-0084,Mei Dubois,Director of Customer Experience,mei.dubois@cobalt-networks.de
CONT-0160,CUST-0084,Isabella Rodriguez,Support Team Lead,isabella.rodriguez@cobalt-networks.de
CONT-0161,CUST-0085,Felix Campbell,Procurement Manager,felix.campbell@brookfield-care.ca
CONT-0162,CUST-0085,Maya Singh,Head of Customer Success,maya.singh@brookfield-care.ca
CONT-0163,CUST-0086,Victor Miller,Procurement Manager,victor.miller@redwood-supply.es
CONT-0164,CUST-0086,Melissa Hall,Head of IT,melissa.hall@redwood-supply.es
CONT-0165,CUST-0087,Nadia Campbell,Finance Manager,nadia.campbell@cobalt-logistics.co.uk
CONT-0166,CUST-0087,John King,Support Team Lead,john.king@cobalt-logistics.co.uk
CONT-0167,CUST-0088,Lisa Moore,Head of Customer Success,lisa.moore@juniper-associates.com
CONT-0168,CUST-0088,Greta Wilson,Head of IT,greta.wilson@juniper-associates.com
CONT-0169,CUST-0089,Richard Singh,Head of IT,richard.singh@amber-care.com.au
CONT-0170,CUST-0089,Aisha Thomas,Office Manager,aisha.thomas@amber-care.com.au
CONT-0171,CUST-0090,Noah Rivera,Finance Manager,noah.rivera@granite-alliance.com
CONT-0172,CUST-0090,Linda Dubois,Senior Systems Administrator,linda.dubois@granite-alliance.com
CONT-0173,CUST-0091,Linda Taylor,Director of IT Operations,linda.taylor@elm-outfitters.ca
CONT-0174,CUST-0091,Sandra Garcia,Chief Information Officer,sandra.garcia@elm-outfitters.ca
CONT-0175,CUST-0092,Owen Adams,IT Director,owen.adams@cobalt-realty.es
CONT-0176,CUST-0092,Nadia Thomas,Operations Manager,nadia.thomas@cobalt-realty.es
CONT-0177,CUST-0093,Sarah Clark,VP of Customer Experience,sarah.clark@ridgeline-renewables.com
CONT-0178,CUST-0093,Sandra Johnson,VP of Operations,sandra.johnson@ridgeline-renewables.com
CONT-0179,CUST-0094,Elena Costa,IT Director,elena.costa@falcon-trust.ae
CONT-0180,CUST-0094,Yuki Chandran,Support Team Lead,yuki.chandran@falcon-trust.ae
CONT-0181,CUST-0095,Adam Johnson,IT Administrator,adam.johnson@hollow-shipping.mx
CONT-0182,CUST-0095,Betty Hernandez,Director of Customer Experience,betty.hernandez@hollow-shipping.mx
CONT-0183,CUST-0096,Aisha Davis,Procurement Manager,aisha.davis@cobalt-institute.com
CONT-0184,CUST-0096,Wei Martin,Director of Customer Experience,wei.martin@cobalt-institute.com
CONT-0185,CUST-0097,Lisa Walker,Director of Customer Experience,lisa.walker@foxglove-power.com
CONT-0186,CUST-0097,Greta Perez,Platform Owner,greta.perez@foxglove-power.com
CONT-0187,CUST-0098,Mohammed Nelson,Senior Systems Administrator,mohammed.nelson@crestline-partners.de
CONT-0188,CUST-0098,Joshua Eriksson,Director of Customer Experience,joshua.eriksson@crestline-partners.de
CONT-0189,CUST-0099,Kevin Dubois,IT Administrator,kevin.dubois@elm-freight.co.uk
CONT-0190,CUST-0099,Freya Abara,Procurement Manager,freya.abara@elm-freight.co.uk
CONT-0191,CUST-0100,Ravi King,VP of Operations,ravi.king@quarry-construction.no
CONT-0192,CUST-0100,Carlos Kim,Chief Technology Officer,carlos.kim@quarry-construction.no
CONT-0193,CUST-0101,Naomi Haddad,Senior Systems Administrator,naomi.haddad@highland-partners.com.au
CONT-0194,CUST-0101,Brian Baker,Head of Data,brian.baker@highland-partners.com.au
CONT-0195,CUST-0102,Maya Roberts,Customer Success Manager,maya.roberts@quarry-pictures.pl
CONT-0196,CUST-0102,Kwame Moreau,Business Systems Analyst,kwame.moreau@quarry-pictures.pl
CONT-0197,CUST-0103,Ravi Mitchell,Controller,ravi.mitchell@frost-academy.fr
CONT-0198,CUST-0103,Anjali Jones,Director of Customer Experience,anjali.jones@frost-academy.fr
CONT-0199,CUST-0104,James Miller,Director of Sales Operations,james.miller@falcon-coalition.de
CONT-0200,CUST-0104,Isabella Eriksson,Head of IT,isabella.eriksson@falcon-coalition.de
CONT-0201,CUST-0105,Amara Brown,Director of Procurement,amara.brown@larch-biosciences.se
CONT-0202,CUST-0105,Thomas Green,Chief Technology Officer,thomas.green@larch-biosciences.se
CONT-0203,CUST-0106,Anjali Green,Head of Support,anjali.green@slate-utilities.com
CONT-0204,CUST-0106,Paul Osei,Product Manager,paul.osei@slate-utilities.com
CONT-0205,CUST-0107,Elizabeth White,Controller,elizabeth.white@halden-shipping.com.au
CONT-0206,CUST-0108,Joseph Johnson,Chief Technology Officer,joseph.johnson@slate-distribution.com
CONT-0207,CUST-0108,Donna King,Chief Information Officer,donna.king@slate-distribution.com
CONT-0208,CUST-0109,Victor Torres,Head of Data,victor.torres@meadow-utilities.com
CONT-0209,CUST-0109,Sarah Larsen,IT Administrator,sarah.larsen@meadow-utilities.com
CONT-0210,CUST-0110,Amara Silva,Platform Owner,amara.silva@marsh-coalition.de
CONT-0211,CUST-0111,Lars Ellery,Chief Information Officer,lars.ellery@cedar-initiative.com
CONT-0212,CUST-0111,James Allen,Chief Technology Officer,james.allen@cedar-initiative.com
CONT-0213,CUST-0112,Michelle Gonzalez,VP of Operations,michelle.gonzalez@maple-energy.com
CONT-0214,CUST-0112,Ingrid Johnson,IT Director,ingrid.johnson@maple-energy.com
CONT-0215,CUST-0113,Liam Martinez,Head of Revenue Operations,liam.martinez@ridgeline-mercantile.nl
CONT-0216,CUST-0113,Mei Andersson,VP of Engineering,mei.andersson@ridgeline-mercantile.nl
CONT-0217,CUST-0114,Nadia Van der Berg,Customer Success Manager,nadia.van der berg@frost-outfitters.com
CONT-0218,CUST-0114,William Patel,Controller,william.patel@frost-outfitters.com
CONT-0219,CUST-0115,Jessica Campbell,IT Administrator,jessica.campbell@copper-telecom.ca
CONT-0220,CUST-0115,Nadia Van der Berg,VP of Customer Experience,nadia.van der berg@copper-telecom.ca
CONT-0221,CUST-0116,Ronald Adams,Senior Systems Administrator,ronald.adams@cobalt-fabrication.co.uk
CONT-0222,CUST-0116,Elena Moore,Product Manager,elena.moore@cobalt-fabrication.co.uk
CONT-0223,CUST-0117,Oscar Lee,VP of Finance,oscar.lee@amber-resorts.com
CONT-0224,CUST-0117,Stephanie Osei,VP of Operations,stephanie.osei@amber-resorts.com
CONT-0225,CUST-0118,Linda Wilson,IT Administrator,linda.wilson@copper-distribution.com
CONT-0226,CUST-0118,Stephanie Okafor,VP of Customer Experience,stephanie.okafor@copper-distribution.com
CONT-0227,CUST-0119,Rahul Dubois,Chief Technology Officer,rahul.dubois@quarry-college.com.au
CONT-0228,CUST-0119,Ines Baker,Chief Technology Officer,ines.baker@quarry-college.com.au
CONT-0229,CUST-0120,Susan Roberts,Support Team Lead,susan.roberts@thistle-pictures.com
CONT-0230,CUST-0120,Amanda Berg,Office Manager,amanda.berg@thistle-pictures.com
CONT-0231,CUST-0121,Emily Van der Berg,Chief Technology Officer,emily.van der berg@granite-trust.com
CONT-0232,CUST-0121,Hiroshi Smith,Controller,hiroshi.smith@granite-trust.com
CONT-0233,CUST-0122,Susan Osei,Data Analyst,susan.osei@windham-mutual.dk
CONT-0234,CUST-0122,Edward Moreau,Senior Systems Administrator,edward.moreau@windham-mutual.dk
CONT-0235,CUST-0123,Robert Abara,Operations Manager,robert.abara@falcon-leisure.de
CONT-0236,CUST-0123,Isabella Martinez,Head of Customer Success,isabella.martinez@falcon-leisure.de
CONT-0237,CUST-0124,Mohammed Walker,Procurement Manager,mohammed.walker@meadow-dynamics.com
CONT-0238,CUST-0124,Mei Moreau,Operations Manager,mei.moreau@meadow-dynamics.com
CONT-0239,CUST-0125,Yuki Andersson,Data Analyst,yuki.andersson@timber-pictures.com.au
CONT-0240,CUST-0125,Anthony Taylor,Head of Customer Success,anthony.taylor@timber-pictures.com.au
CONT-0241,CUST-0126,Ashley Jones,IT Administrator,ashley.jones@elm-analytics.com
CONT-0242,CUST-0126,Isabella Novak,Head of Customer Success,isabella.novak@elm-analytics.com
CONT-0243,CUST-0127,Sandra Berg,Head of Revenue Operations,sandra.berg@br-hlmann-energie.de
CONT-0244,CUST-0127,Lisa Hill,Head of IT,lisa.hill@br-hlmann-energie.de
CONT-0245,CUST-0128,William Johnson,Director of Customer Experience,william.johnson@pinecrest-shipping.com.au
CONT-0246,CUST-0128,William Rodriguez,Chief Technology Officer,william.rodriguez@pinecrest-shipping.com.au
CONT-0247,CUST-0129,Michelle Taylor,Head of Data,michelle.taylor@river-financial.nl
CONT-0248,CUST-0129,Donna Lee,IT Director,donna.lee@river-financial.nl
CONT-0249,CUST-0130,Elizabeth Larsen,Controller,elizabeth.larsen@foxglove-capital.pt
CONT-0250,CUST-0130,Leila Johnson,IT Director,leila.johnson@foxglove-capital.pt
CONT-0251,CUST-0131,Leila Anderson,Chief Information Officer,leila.anderson@iron-mutual.com
CONT-0252,CUST-0131,Adam Garcia,Platform Owner,adam.garcia@iron-mutual.com
CONT-0253,CUST-0132,Amara Green,Support Team Lead,amara.green@iron-initiative.co.uk
CONT-0254,CUST-0132,Amara Whitfield,Head of Revenue Operations,amara.whitfield@iron-initiative.co.uk
CONT-0255,CUST-0133,Anthony Fischer,Product Manager,anthony.fischer@crestline-communications.com
CONT-0256,CUST-0133,Barbara Rossi,Procurement Manager,barbara.rossi@crestline-communications.com
CONT-0257,CUST-0134,Amanda Perez,Head of Data,amanda.perez@cobalt-media.sg
CONT-0258,CUST-0134,Margaret Muller,Director of Customer Experience,margaret.muller@cobalt-media.sg
CONT-0259,CUST-0135,Joseph Torres,Support Team Lead,joseph.torres@summit-initiative.co.nz
CONT-0260,CUST-0135,Donald Young,Compliance Officer,donald.young@summit-initiative.co.nz
CONT-0261,CUST-0136,Betty Patel,Senior Systems Administrator,betty.patel@brookfield-properties.se
CONT-0262,CUST-0136,Lisa Muller,Director of IT Operations,lisa.muller@brookfield-properties.se
CONT-0263,CUST-0137,Patricia Lee,Head of Data,patricia.lee@foxglove-energy.com
CONT-0264,CUST-0137,Jessica Patel,Head of Data,jessica.patel@foxglove-energy.com
CONT-0265,CUST-0138,Sven Johnson,Data Analyst,sven.johnson@marsh-studios.in
CONT-0266,CUST-0138,Amara Green,Compliance Officer,amara.green@marsh-studios.in
CONT-0267,CUST-0139,Liam Allen,Compliance Officer,liam.allen@maple-builders.com
CONT-0268,CUST-0139,Jamal Rodriguez,IT Director,jamal.rodriguez@maple-builders.com
CONT-0269,CUST-0140,John Miller,Senior Systems Administrator,john.miller@clear-networks.ch
CONT-0270,CUST-0140,Ronald Eriksson,IT Administrator,ronald.eriksson@clear-networks.ch
CONT-0271,CUST-0141,Rahul Smith,Senior Systems Administrator,rahul.smith@amber-goods.co.uk
CONT-0272,CUST-0141,Karen Kowalski,VP of Customer Experience,karen.kowalski@amber-goods.co.uk
CONT-0273,CUST-0142,Michelle Farrow,Procurement Manager,michelle.farrow@hollow-coalition.jp
CONT-0274,CUST-0142,Grace Van der Berg,Head of Support,grace.van der berg@hollow-coalition.jp
CONT-0275,CUST-0143,Jessica Davis,Chief Information Officer,jessica.davis@foxglove-pictures.ca
CONT-0276,CUST-0143,Naomi Allen,Data Analyst,naomi.allen@foxglove-pictures.ca
CONT-0277,CUST-0144,Marco Taylor,Chief Technology Officer,marco.taylor@alder-institute.ie
CONT-0278,CUST-0144,Joseph Harris,IT Director,joseph.harris@alder-institute.ie
CONT-0279,CUST-0145,Jamal Clark,Director of Customer Experience,jamal.clark@bramble-coalition.com
CONT-0280,CUST-0145,Margaret Fischer,Head of Support,margaret.fischer@bramble-coalition.com
CONT-0281,CUST-0146,Barbara Rodriguez,Business Systems Analyst,barbara.rodriguez@vista-initiative.com
CONT-0282,CUST-0146,Emily Silva,Director of Customer Experience,emily.silva@vista-initiative.com
CONT-0283,CUST-0147,Susan Abara,Data Analyst,susan.abara@iron-grid.pt
CONT-0284,CUST-0147,Mohammed Hernandez,Customer Success Manager,mohammed.hernandez@iron-grid.pt
CONT-0285,CUST-0148,Emily Eriksson,Platform Owner,emily.eriksson@windham-studios.com
CONT-0286,CUST-0148,Matthew Ramirez,Head of Customer Success,matthew.ramirez@windham-studios.com
CONT-0287,CUST-0149,Anthony Dubois,Head of Data,anthony.dubois@clear-properties.com.br
CONT-0288,CUST-0149,Tomas Hernandez,Chief Information Officer,tomas.hernandez@clear-properties.com.br
CONT-0289,CUST-0150,Fatima Mensah,Support Team Lead,fatima.mensah@redwood-systems.pl
CONT-0290,CUST-0150,Fatima Taylor,Support Team Lead,fatima.taylor@redwood-systems.pl
CONT-0291,CUST-0151,Robert Rodriguez,VP of Operations,robert.rodriguez@fern-cloud.co.uk
CONT-0292,CUST-0151,Joseph Perez,Support Team Lead,joseph.perez@fern-cloud.co.uk
CONT-0293,CUST-0152,Edward Garcia,Head of Revenue Operations,edward.garcia@lakeshore-trust.ca
CONT-0294,CUST-0152,Yuki Brown,Procurement Manager,yuki.brown@lakeshore-trust.ca
CONT-0295,CUST-0153,Kevin Rossi,VP of Operations,kevin.rossi@timber-wellness.nl
CONT-0296,CUST-0153,Sarah Berg,VP of Engineering,sarah.berg@timber-wellness.nl
CONT-0297,CUST-0154,Karen Allen,Platform Owner,karen.allen@bright-outfitters.com
CONT-0298,CUST-0154,Amanda Flores,Senior Systems Administrator,amanda.flores@bright-outfitters.com
CONT-0299,CUST-0155,Joseph Miller,Head of IT,joseph.miller@harbor-medical.ie
CONT-0300,CUST-0155,Michael Nguyen,Compliance Officer,michael.nguyen@harbor-medical.ie
CONT-0301,CUST-0156,Donna Farrow,Operations Manager,donna.farrow@amber-mutual.com
CONT-0302,CUST-0156,Chloe Allen,IT Director,chloe.allen@amber-mutual.com
CONT-0303,CUST-0157,Elizabeth Singh,Procurement Manager,elizabeth.singh@river-properties.com
CONT-0304,CUST-0157,William Berg,Head of IT,william.berg@river-properties.com
CONT-0305,CUST-0158,Brian Chandran,Product Manager,brian.chandran@vista-broadcasting.com
CONT-0306,CUST-0158,William Nelson,Head of Customer Success,william.nelson@vista-broadcasting.com
CONT-0307,CUST-0159,Sven Singh,Chief Technology Officer,sven.singh@lakeshore-renewables.com
CONT-0308,CUST-0159,Susan Johnson,Business Systems Analyst,susan.johnson@lakeshore-renewables.com
CONT-0309,CUST-0160,Sarah Clark,Customer Success Manager,sarah.clark@vista-indemnity.se
CONT-0310,CUST-0160,Kevin Nguyen,Chief Technology Officer,kevin.nguyen@vista-indemnity.se
CONT-0311,CUST-0161,Anjali Van der Berg,Product Manager,anjali.van der berg@crestline-goods.se
CONT-0312,CUST-0161,Tomas Dubois,Controller,tomas.dubois@crestline-goods.se
CONT-0313,CUST-0162,Grace Hill,IT Director,grace.hill@bright-group.se
CONT-0314,CUST-0162,Ingrid Torres,Support Team Lead,ingrid.torres@bright-group.se
CONT-0315,CUST-0163,Sofia Campbell,Director of Sales Operations,sofia.campbell@fern-foundation.com
CONT-0316,CUST-0163,Kimberly Harris,Chief Technology Officer,kimberly.harris@fern-foundation.com
CONT-0317,CUST-0164,Ravi Davis,Data Analyst,ravi.davis@birchwood-mutual.se
CONT-0318,CUST-0164,Deborah Davis,Platform Owner,deborah.davis@birchwood-mutual.se
CONT-0319,CUST-0165,Robert Berg,Operations Manager,robert.berg@ember-mercantile.com
CONT-0320,CUST-0165,Nadia Muller,Senior Systems Administrator,nadia.muller@ember-mercantile.com
CONT-0321,CUST-0166,Matthew Jones,Head of Data,matthew.jones@falcon-construction.nl
CONT-0322,CUST-0166,Jamal Larsen,Support Team Lead,jamal.larsen@falcon-construction.nl
CONT-0323,CUST-0167,Carol Kowalski,VP of Engineering,carol.kowalski@summit-entertainment.co.za
CONT-0324,CUST-0167,Deborah Smith,Controller,deborah.smith@summit-entertainment.co.za
CONT-0325,CUST-0168,Noah Scott,VP of Customer Experience,noah.scott@hollow-mutual.com
CONT-0326,CUST-0168,Fatima Harris,Procurement Manager,fatima.harris@hollow-mutual.com
CONT-0327,CUST-0169,Isabella Carter,Head of Customer Success,isabella.carter@maple-networks.com
CONT-0328,CUST-0169,Thomas Moreau,Operations Manager,thomas.moreau@maple-networks.com
CONT-0329,CUST-0170,Tomas Young,IT Director,tomas.young@iron-mercantile.com
CONT-0330,CUST-0170,Tomas Smith,IT Director,tomas.smith@iron-mercantile.com
CONT-0331,CUST-0171,Thomas Lee,Finance Manager,thomas.lee@basalt-studios.ae
CONT-0332,CUST-0171,Tomas Halvorsen,Director of IT Operations,tomas.halvorsen@basalt-studios.ae
CONT-0333,CUST-0172,Ravi Novak,Chief Technology Officer,ravi.novak@cobalt-works.es
CONT-0334,CUST-0172,Tomas King,Product Manager,tomas.king@cobalt-works.es
CONT-0335,CUST-0173,Sofia Nguyen,Chief Technology Officer,sofia.nguyen@maple-resorts.com
CONT-0336,CUST-0173,Susan Nelson,Support Team Lead,susan.nelson@maple-resorts.com
CONT-0337,CUST-0174,Sandra Thompson,Director of Sales Operations,sandra.thompson@ember-initiative.fr
CONT-0338,CUST-0174,Hiroshi Johnson,IT Administrator,hiroshi.johnson@ember-initiative.fr
CONT-0339,CUST-0175,Ingrid King,Finance Manager,ingrid.king@silver-grid.co.uk
CONT-0340,CUST-0175,Matthew Jones,Head of Data,matthew.jones@silver-grid.co.uk
CONT-0341,CUST-0176,Wei Mensah,VP of Finance,wei.mensah@harbor-group.in
CONT-0342,CUST-0176,Jessica Scott,Compliance Officer,jessica.scott@harbor-group.in
CONT-0343,CUST-0177,Mei Rivera,Head of IT,mei.rivera@iron-trust.nl
CONT-0344,CUST-0177,James Miller,Product Manager,james.miller@iron-trust.nl
CONT-0345,CUST-0178,Greta Rossi,VP of Operations,greta.rossi@harbor-indemnity.ca
CONT-0346,CUST-0178,Linda Lewis,IT Administrator,linda.lewis@harbor-indemnity.ca
CONT-0347,CUST-0179,Amara Rodriguez,IT Director,amara.rodriguez@copper-freight.se
CONT-0348,CUST-0179,Karen Rivera,IT Director,karen.rivera@copper-freight.se
CONT-0349,CUST-0180,Lars White,Platform Owner,lars.white@windham-biosciences.es
CONT-0350,CUST-0180,Ines Scott,Business Systems Analyst,ines.scott@windham-biosciences.es
